{
  "ballet_1": 29.998643220840126,
  "ballet_10": 14.984744828698538,
  "ballet_11": 30.0,
  "ballet_12": 30.0,
  "ballet_13": 30.0,
  "ballet_14": 30.0,
  "ballet_15": 30.0,
  "ballet_16": 30.0,
  "ballet_17": 30.0,
  "ballet_18": 30.0,
  "ballet_19": 30.0,
  "ballet_2": 23.97311062017603,
  "ballet_20": 30.0,
  "ballet_3": 24.999949482804958,
  "ballet_4": 24.024704649120324,
  "ballet_5": 23.98428922930307,
  "ballet_6": 19.995534046500275,
  "ballet_7": 29.98015529480708,
  "ballet_8": 23.994087171375625,
  "ballet_9": 24.99430991883979,
  "classical-chinese_1": 30.0,
  "classical-chinese_10": 30.0,
  "classical-chinese_11": 30.0,
  "classical-chinese_12": 30.0,
  "classical-chinese_13": 30.0,
  "classical-chinese_14": 30.0,
  "classical-chinese_15": 30.0,
  "classical-chinese_16": 30.0,
  "classical-chinese_17": 30.0,
  "classical-chinese_18": 30.0,
  "classical-chinese_19": 30.0,
  "classical-chinese_2": 30.0,
  "classical-chinese_20": 30.0,
  "classical-chinese_3": 30.0,
  "classical-chinese_4": 30.0,
  "classical-chinese_5": 30.0,
  "classical-chinese_6": 30.0,
  "classical-chinese_7": 30.0,
  "classical-chinese_8": 30.0,
  "classical-chinese_9": 30.0,
  "kpop_1": 29.999588595877732,
  "kpop_10": 29.994188083733775,
  "kpop_11": 29.947157732341505,
  "kpop_12": 29.999943138849243,
  "kpop_13": 29.998439375104265,
  "kpop_14": 24.99755648283899,
  "kpop_15": 24.99628502319106,
  "kpop_16": 29.99475975875835,
  "kpop_17": 29.981381673172866,
  "kpop_18": 29.97527638604772,
  "kpop_19": 29.987319516874358,
  "kpop_2": 29.992422914882432,
  "kpop_20": 29.99249472534238,
  "kpop_3": 29.95359859742313,
  "kpop_4": 29.96725975589451,
  "kpop_5": 30.000049059769516,
  "kpop_6": 30.0,
  "kpop_7": 29.99010682672395,
  "kpop_8": 29.969402283507225,
  "kpop_9": 29.99181616242969,
  "latin_1": 29.993875866986514,
  "latin_10": 30.000665203219583,
  "latin_11": 60.0,
  "latin_12": 59.992669349042664,
  "latin_13": 29.963735533886997,
  "latin_14": 59.98483508619715,
  "latin_15": 29.93749332632426,
  "latin_16": 29.969926371461163,
  "latin_17": 29.96555865345445,
  "latin_18": 29.86716634549526,
  "latin_19": 24.99162237835832,
  "latin_2": 29.991589810842015,
  "latin_20": 24.999193723018518,
  "latin_21": 24.98654651739456,
  "latin_22": 24.98909414533723,
  "latin_23": 29.969960083947164,
  "latin_24": 29.961343028438566,
  "latin_3": 29.96656118121965,
  "latin_4": 29.97276094653805,
  "latin_5": 19.992753617207764,
  "latin_6": 29.990417083981388,
  "latin_7": 24.000110983172178,
  "latin_8": 24.989775446257493,
  "latin_9": 59.997248563126234,
  "modern_1": 30.0,
  "modern_10": 30.0,
  "modern_11": 30.0,
  "modern_12": 30.0,
  "modern_13": 30.0,
  "modern_14": 30.0,
  "modern_15": 30.0,
  "modern_16": 30.0,
  "modern_17": 30.0,
  "modern_18": 30.0,
  "modern_19": 30.0,
  "modern_2": 30.0,
  "modern_20": 30.0,
  "modern_3": 30.0,
  "modern_4": 30.0,
  "modern_5": 30.0,
  "modern_6": 30.0,
  "modern_7": 30.0,
  "modern_8": 30.0,
  "modern_9": 30.0
}